{"best_times": {"1": 4.1799938678741455, "2": null}, "total_playtime": 1749.71621966362, "last_start_time": 1773505147.4808545}